index,id,CODIGOEMPRESA,cod_Est,Ent_2014,Util_2014,Ent_2015,Util_2015,Ent_2016,Util_2016,Ent_2017,Util_2017,Ent_2018,Util_2018,Ent_2019,Util_2019,DISTRITO,BARRIO,X,Y,long,lat
001,164,2205,2205,1118462.0,2401699.0226149755,1101045.0,2309275.0,1164865.0,2407692.6842031116,1305222.0,2632440.5798856355,1438326.0,2498343.7581180427,1465637,2770466.363632041,22,234.0,876108,8940431,-7.459531795787397,80.76045081979932
002,162,520,520,1663805.0,3341065.8583769333,1777872.0,3479807.0,1775127.0,3426429.5915116137,1550485.0,3039780.878797722,1649543.0,3771397.395364435,1620491,3460697.424217002,2,22.0,439744,4472894,-3.7101115548421872,40.40447863030922
003,42,118,118,4028973.0,18660186.74501072,4125916.0,19053055.0,4962116.0,16022017.009655673,4604390.0,20749011.0315,4920430.0,21551141.85755895,5216882,25169768.60020215,3,31.0,442819,4472721,-3.6738598544936334,40.40313701933029
004,10,305,305,3002712.0,5733063.951353283,3091940.0,5879855.0,3481965.0,6314404.416275616,3606384.0,6607537.699906375,3662615.0,6843070.815090529,3722835,7284929.656198682,1,12.0,440638,4473543,-3.6996371342597563,40.41038936375535
005,262,3522,3522,7841470.0,15047873.283491299,7879174.0,15655155.0,8037468.0,15990916.131515438,6762017.0,12556402.409198128,9104212.0,15429057.659082118,9827685,19153665.378613047,105,1061.0,2249568,22399902,-17.954143727670857,202.34495192235278
006,128,1207,1207,1219060.0,2375014.0,1060921.0,2022480.0,1391012.0,2675729.0,1488128.0,2874593.0,1396574.0,2699234.0,1558827,3006212.0,4,0.0,426630,4464028,-3.8636237557757154,40.323559509227984
012,9,351,351,1633152.0,2977076.147476054,1683888.0,3020077.0,1842268.0,3210538.995877301,2096286.0,3427243.205,2242397.0,3795519.704605334,2395257,4520155.591638947,12,124.0,440873,4470831,-3.6966157747207546,40.385975000201455
014,661,2663,2663,4285718.0,11785298.661516454,4266546.0,12024423.0,4410046.0,11682629.267249309,5116976.0,13789845.297244485,5994040.0,20631833.698158823,6047671,22123952.34160657,100,1022.0,2242777,22378295,-18.032497400335508,202.14989241790826
018,61,253,253,1390938.0,2764754.6161630303,1459490.0,2701824.0,1543486.0,2917830.799027587,1666063.0,3183705.199369057,1740837.0,3227946.666303,1693078,3315383.7028878545,20,204.0,447213,4474579,-3.6222351325857,40.42016521986832
025,179,807,807,1756215.0,3457944.8260492194,1783242.0,3489010.0,1811131.0,3571433.2685806886,1434205.0,2902986.397353081,1983552.0,3412352.8138180464,2082972,3972729.8387729838,21,214.0,450732,4480936,-3.581249636707496,40.477648923834586
028,201,708,708,1306972.0,2543647.0812811987,1293361.0,2525492.0,1279278.0,2531559.1084085307,1329418.0,2674362.403761328,1402446.0,2735732.5517971413,1405660,2775869.712663287,4,44.0,443883,4476952,-3.6616951256782473,40.441324551492826
029,222,416,416,1313805.0,2721055.53414154,1283914.0,2662570.0,1309955.0,2701893.2235902143,1417666.0,2185898.175186112,1443798.0,2795888.555260931,1500771,2888475.23456425,16,163.0,445354,4479161,-3.644541210717752,40.461322362547776
032,167,1105,1105,685257.0,1026326.4742544262,680844.0,1013248.0,726323.0,1067107.539,862140.0,3412867.549088439,969033.0,1675694.7851088825,1026997,1961905.4112521696,11,116.0,436276,4469526,-3.7506414443059315,40.37388006209702
034,101,103,103,2955705.0,5845623.813366942,3017601.0,5935352.0,2479489.0,4824500.630263977,3360898.0,6276573.8676,3511657.0,6895294.83989103,3604824,7148216.633697006,6,63.0,440909,4479318,-3.696980381267257,40.462432467289865
037,125,1016,1016,4476865.0,8514871.64882805,4560027.0,8665468.0,4707306.0,8879940.013368186,5031032.0,2814246.5598,5477010.0,10275128.450123047,5901018,11596466.544173675,10,105.0,434373,4472315,-3.773343372527412,40.39885676120329
040,418,1214,1214,4941810.0,9695724.034642339,4919348.0,9665937.0,5124431.0,10221189.21867376,5021683.0,5655674.857140076,5812639.0,10524421.59490456,6098646,11768607.190054756,30,309.0,889147,8953016,-7.307029648455007,80.87474209012262
041,226,502,502,1470817.0,2856503.3322000005,1410565.0,2716294.0,1418424.0,2845947.1038,1281069.0,2501333.487181393,1526997.0,2843968.437107535,1631056,3139205.8066894906,20,208.0,447785,4477401,-3.615724803866437,40.445623594853025
042,170,1106,1106,741084.0,1338546.2490223986,733128.0,1320776.0,761428.0,1363381.7235924932,864991.0,1520147.5383,927034.0,1723012.9428791672,912199,1764948.8142346982,11,116.0,435845,4468666,-3.7556314874756236,40.366099740033505
043,6,626,626,2628931.0,5723611.124652413,3186667.0,6275691.0,2819715.0,5992346.117915214,3031921.0,6321561.837,3122570.0,5684724.457881687,3259560,6301189.2934861,10,102.0,438409,4474159,-3.725965672024424,40.415776617190964
045,433,3809,3809,20507852.0,56094053.15037923,19822127.0,52587804.0,20952752.0,55643690.138022125,22240738.0,48989268.552235946,22867991.0,62890965.37625401,23878036,67580649.82056205,46,466.0,2185855,22369627,-18.70266163634046,202.0678942729262
046,416,1423,1423,7349447.0,14086507.06457252,7483999.0,14974731.0,7794058.0,15551514.402879395,8392396.0,25224849.76311197,8545154.0,17144128.828188006,8693007,18597629.537858307,18,191.0,1767428,17901032,-14.741711374815786,161.7036998027593
052,199,760,760,148312.0,319532.0,167853.0,364502.0,12335.0,26398.0,186747.0,405334.0,164482.0,351971.0,208024,446101.0,2,21.0,454761,4474454,-3.5332569539602297,40.419483718623226
053,189,1621,1621,2831468.0,6382166.997048445,2813167.0,6280820.0,2801846.0,6252600.091322792,2918936.0,6842345.032763915,3005723.0,6033471.858107448,2992438,5935307.636006098,16,168.0,879363,8963501,-7.423377748197106,80.96851398101612
060,267,1126,1126,8626187.0,21918009.94862037,8733275.0,22050185.0,8999928.0,22838659.911550354,9109989.0,23966714.2557147,10056656.0,24540536.228806447,10505132,26990886.096871756,22,229.0,878486,8943216,-7.431785054207036,80.78571462515387
061,512,961,961,34722792.0,93700099.46648875,35191062.0,94897751.0,34598511.0,89033072.64790352,38674730.0,102932092.01103118,40484218.0,114717898.5188847,40567555,121823248.17374952,6,78.0,2643404,26846366,-22.203296715461676,242.50832069613693
063,49,1215,1215,1006274.0,1897462.0,1012425.0,1953972.0,1112086.0,2151581.0,1174419.0,2276573.0,1198712.0,2324222.0,1218976,2371947.0,2,0.0,433215,4460099,-3.785710032865637,40.288717887730186
066,184,1061,1061,805602.0,1597590.0,832361.0,1652629.0,922350.0,1839324.0,1021803.0,2017776.0,1077172.0,2126286.0,1098173,2174880.0,1,0.0,448344,4490276,-3.610183510599208,40.561643020446354
067,129,1208,1208,1200471.0,2121894.0,1015154.0,1946426.0,1262694.0,2434288.0,1341593.0,2583495.0,1296373.0,2504554.0,1389033,2690171.0,4,0.0,425790,4463464,-3.873444663423401,40.31840461987977
068,161,705,705,1786653.0,3921283.3096224875,1793324.0,3952420.0,1856345.0,4089276.4398000007,1981926.0,4381334.8167,2101108.0,3750763.2766086287,2223411,4296938.841417851,15,152.0,445734,4475912,-3.6397818380016287,40.432078512843056
069,116,1021,1021,2161753.0,10870952.888897425,2283363.0,11796031.0,2451143.0,12512873.5004,2509810.0,13119881.5519,2582458.0,10690570.812452516,2819379,11775867.043290107,2,0.0,431138,4466601,-3.810843590635873,40.347122019766466
070,153,1209,1209,564990.0,1047009.0,546488.0,1034823.0,751237.0,1427748.0,823627.0,1573105.0,809068.0,1579557.0,868447,1699083.0,4,0.0,426690,4462623,-3.8627564627687216,40.310908140506996
071,392,1509,1509,1714412.0,3316088.0,2122106.0,4078848.0,2052565.0,3909977.0,2599476.0,2677993.0,2298597.0,4415898.0,2896413,5600117.0,2,0.0,904328,8950163,-7.127830036705456,80.84998274947449
073,7,1224,1224,508236.0,972728.0,532588.0,1056184.0,570623.0,1139004.0,616683.0,1174854.149647273,497109.0,994610.0,624257,1258199.0,3,0.0,438128,4464745,-3.72836382458036,40.33094985336204
075,364,709,709,5182377.0,9223965.092716243,5157407.0,9125243.0,5379519.0,9662161.283920135,5894423.0,8748494.742925934,6243033.0,10660361.920728626,6676181,12614588.066342756,34,349.0,882502,8935249,-7.383734314241824,80.71423155369686
079,132,1212,1212,1082845.0,2175139.0,1125942.0,2289591.0,1192373.0,2449189.0,1286478.0,2629170.0,1292218.0,2652435.0,1307434,2678221.0,7,0.0,430711,4460001,-3.8151556332483216,40.28763127181934
083,574,938,938,14434516.0,48205049.100091085,14515162.0,48939255.0,14622412.0,49704231.76640491,15382916.0,51221753.266354084,15933414.0,55772334.92989056,15987759,58637078.334941655,28,292.0,1762254,17903717,-14.802952899907467,161.72752179796913
084,181,605,605,5346289.0,10294997.334354602,5377790.0,10424962.0,5751176.0,10967708.167034505,6095608.0,12480563.61238572,6362925.0,11844336.588333346,6653723,12829765.003647141,4,51.0,882400,8945518,-7.385882918798598,80.80673316472088
085,497,514,514,4305736.0,7109362.928321142,4374899.0,7194858.0,3949542.0,6150617.6510638315,4711498.0,15145857.235317934,5026943.0,9595100.059136167,5397582,10509752.06904943,72,724.0,1794551,17875267,-14.419910251706538,161.47337450150178
087,437,1141,1141,9136254.0,24136305.235926345,9395171.0,25748414.0,8298281.0,23095037.437191088,10117756.0,19469840.180186417,10741440.0,29704551.96727324,11244879,30261993.772664405,28,294.0,1762636,17907452,-14.798798145864396,161.7611957881292
088,387,1515,1515,8413131.0,22122253.51006032,8359481.0,21903695.0,8643531.0,22944785.182493348,8478230.0,20453416.311293256,9721870.0,23887865.67201621,10138739,25095632.539387584,45,459.0,1336776,13429595,-10.924526493106285,121.31295443706708
089,82,611,611,4554958.0,8967343.6139,4605719.0,9280607.0,5169591.0,10521213.1783,5135429.0,2743983.7922057947,5485635.0,10894821.87201782,5649788,11041996.863835843,3,36.0,443225,4473352,-3.6691318751478943,40.408849200009
091,282,247,247,3490917.0,6901873.698785236,3631942.0,7134336.0,2803751.0,5584739.251807222,3908849.0,7261755.994600001,4217029.0,7485066.770081355,4391700,8339670.405826906,26,269.0,891179,8942578,-7.2821801279366305,80.78084460195154
093,133,1213,1213,856953.0,1707823.0,853647.0,1712415.0,969981.0,1944831.0,1007859.0,2036042.0,988043.0,1999808.0,1020045,2068408.0,7,0.0,431569,4459929,-3.805054881674004,40.287053333332466
094,55,2052,2052,2033531.0,11607032.90663863,2047490.0,11885469.0,2070516.0,12336683.197099999,2229144.0,13171781.065699998,2369612.0,17238498.922875807,2535217,16609631.527207367,16,172.0,882602,8966975,-7.3854862342157315,81.0000414710166
098,62,252,252,836938.0,1208773.871161489,850432.0,1146286.0,935956.0,1311328.7734343477,1045189.0,1450721.0302853363,1089729.0,1905068.233764429,1080832,2068723.827376733,15,152.0,445891,4475180,-3.6378686526265533,40.42549446489356
100,145,1018,1018,1033457.0,1842741.572903697,1186356.0,2129898.0,1300461.0,2280873.389084002,1424159.0,2459122.549795454,1507207.0,2483874.8183532017,1611830,3010188.6790371393,10,107.0,433570,4470841,-3.7826512815723348,40.38551478662031
101,200,724,724,20542450.0,63993348.52522163,21089867.0,64843754.0,22973508.0,69231659.27468677,22578284.0,47648039.75709844,24608265.0,67325353.51788351,24737912,75361068.65658894,12,123.0,881804,8955581,-7.393841519199643,80.89734291569674
102,461,1021,1021,5494011.0,15486300.125009276,5468732.0,15704223.0,5544565.0,16025537.332025664,5220494.0,15565475.19713096,5894621.0,16672975.204266038,5990378,17549267.38787961,11,120.0,883838,8952496,-7.369574900306854,80.86969533298179
103,451,1047,1047,6835808.0,18841449.139362883,7338277.0,18889148.0,7535117.0,20093612.380869366,7950907.0,19933591.04928766,8596662.0,22047611.702428598,9204902,24840099.689457968,22,226.0,875357,8942726,-7.468603153149003,80.78106916510193
104,138,1223,1223,624216.0,1232781.0,573195.0,1137818.0,606539.0,1201640.0,674789.0,1338870.0,534411.0,1064785.0,664735,1325997.0,2,0.0,439095,4464199,-3.716928999245772,40.32610228244911
105,372,1632,1632,13615073.0,43722245.22639032,13591340.0,43648462.0,13803399.0,46115520.3796784,14917266.0,48777225.4454,15615676.0,52155320.50085513,15396847,50197478.602938294,15,163.0,1771886,17899805,-14.689051433597726,161.69295467149718
109,144,1104,1104,695572.0,1359776.4412956985,704127.0,1313678.0,784399.0,1482353.3509430082,949186.0,1698379.906095645,1025390.0,1560020.5746345997,1075071,1992875.4463273531,11,116.0,437365,4469694,-3.7378310153689913,40.37547603345111
110,105,619,619,8825460.0,24202445.344127417,8894564.0,23580096.0,9247029.0,24259002.141099997,9858108.0,26073036.4465,10270638.0,28574835.666850597,10441480,27867963.747515406,8,86.0,878974,8951625,-7.4268354935496665,80.8615022965535
113,223,1144,1144,11390347.0,24989453.671714902,11667728.0,25361868.0,8792331.0,18439537.16360246,12753197.0,22696561.7548,13336357.0,26047179.20450222,13947147,27671883.751578745,6,73.0,1325509,13421522,-11.056624232583964,121.23946602166103
115,62,209,209,5836937.0,12401974.037228622,5913110.0,12399490.0,4701019.0,9925313.307770588,6458885.0,10764139.342812238,7104399.0,12666561.754097026,7214346,13992286.59904808,12,128.0,880970,8956812,-7.403791217529827,80.90837307021175
117,122,153,153,3445040.0,8792801.03935594,3641494.0,9116803.0,3565771.0,9313654.067,3889259.0,10702472.493999999,4101034.0,11709050.366630835,4316745,10598181.704400364,15,159.0,443592,4481471,-3.6655278369246553,40.48201415223536
119,302,2441,2441,1617704.0,2993838.0,1934237.0,3571316.0,2141477.0,3982169.0,2378060.0,5169399.0,2159361.0,4048833.0,2537395,4758178.0,5,0.0,877306,8925185,-7.443951134003479,80.62319371505598
120,392,734,734,10664293.0,34470626.57920601,11447324.0,36049895.0,11197823.0,31170400.21313242,13058158.0,46868527.90561941,12057742.0,35993779.951147154,8896095,27268500.232622627,3,44.0,1322139,13425466,-11.096710585394986,121.27475809575537
122,147,251,251,2250571.0,4262657.892912759,2299478.0,4337650.0,2427055.0,4510360.051354686,2738808.0,4655806.270199999,2805742.0,5282142.299325045,2661251,5170210.874453963,15,151.0,444928,4475520,-3.6492498288282587,40.42849418558523
125,24,1056,1056,906260.0,1818163.0,992786.0,1996710.0,1111951.0,2212569.0,1273688.0,2533989.0,1361119.0,2721346.0,1310580,2623350.0,1,0.0,446281,4487203,-3.6342899542102884,40.53382895168053
127,22,1206,1206,1594713.0,3310719.0,1390324.0,2944337.0,1857880.0,3894950.0,2029994.0,4241787.0,2165921.0,4526089.0,2165605,4488823.0,2,0.0,426752,4464784,-3.862274536603412,40.33038047290993
129,242,1005,1005,3337913.0,6497196.156427626,3439692.0,6655918.0,3009805.0,5719788.710730481,3774123.0,7137414.167409809,3927152.0,7257055.155003944,4112412,8076864.378839929,12,127.0,882301,8960047,-7.388395053225347,80.93761008253969
131,195,1019,1019,1316287.0,2497487.9480612846,1584928.0,3007702.0,1688831.0,3096930.365995593,1897370.0,24894140.1658,2215656.0,3447998.1551676258,2418985,4293682.565636006,10,106.0,432919,4470188,-3.790251664734428,40.37958017486509
133,4,606,606,3737017.0,8040773.988885856,3669767.0,7424088.0,3826685.0,7653121.7881,4266895.0,9020881.835722324,4720342.0,8101879.020248627,5247325,10045029.129629053,12,125.0,440111,4471170,-3.7056246492516856,40.388974458449454
136,78,1220,1220,2074511.0,4224714.0,2464775.0,5008282.0,2724907.0,5614050.0,2950834.0,6069578.0,2992878.0,6109136.0,3142576,6445709.0,3,0.0,437737,4462623,-3.7327596428295386,40.31180461028231
140,88,1053,1053,1470668.0,2937175.0,1572049.0,3167392.0,1685846.0,3389528.0,1771553.0,3561984.0,1874812.0,3756024.0,1914787,3814764.0,8,86.0,443392,4484602,-3.66816712971057,40.51020588682294
141,424,823,823,6205388.0,12343592.629746355,6359378.0,13259224.0,6608129.0,13874829.056005431,7196643.0,5258592.233221362,7479607.0,16433049.796745598,7853605,17463725.750617854,3,34.0,880632,8946200,-7.406780739157129,80.81275112560357
143,214,301,301,5763783.0,20882212.05764047,5880868.0,21330043.0,6169399.0,22698073.966870107,6685418.0,24263216.74295452,7130713.0,22178805.75709225,7503100,25239381.627922423,2,23.0,441114,4471612,-3.6938487888126823,40.39302773333894
144,275,403,403,6632228.0,22501146.16764845,6792074.0,22807196.0,6846893.0,23303066.20140303,7813429.0,24878756.875496034,7521212.0,22913754.890447184,7505175,25406959.022952475,8,86.0,887157,8951677,-7.330372870035176,80.8625458650668
145,243,1515,1515,801321.0,1431354.0,943359.0,1670449.0,202290.0,392716.0,1095452.0,2005104.0,1020506.0,1919719.0,1292864,2439164.0,2,0.0,910222,8950253,-7.058358009165801,80.85112191204672
147,117,1020,1020,1145200.0,2111698.0,1255851.0,2464386.0,1327160.0,2633123.0,1376711.0,2737418.0,1383603.0,2744390.0,1623172,3214858.0,2,0.0,431560,4467108,-3.8059294140952913,40.35172398632487
148,128,1203,1203,4148868.0,7973204.284167288,3490679.0,6528530.0,4373697.0,8296495.652625108,5080879.0,5233864.575859912,5338460.0,10094187.778027805,5724660,11099933.031310583,21,215.0,874170,8944359,-7.482749323168614,80.7956908339018
150,140,1226,1226,1127139.0,2104665.0,1186675.0,2275017.0,1241658.0,2393295.0,1226621.0,2363499.0,977634.0,1883214.0,1258792,2434633.0,4,0.0,436177,4465391,-3.7513939119832185,40.336622457505996
152,59,526,526,1290746.0,2469326.4437850057,1269448.0,2402310.0,1265200.0,2486824.803403665,1132108.0,3969987.7105,1356109.0,2633330.389124809,1438452,2784779.177839606,11,111.0,436347,4470900,-3.7499424052697137,40.38626307883476
153,171,628,628,2749093.0,5842451.669081832,2311505.0,4814078.0,2817122.0,5825140.8261,2992195.0,6191106.486400002,3154239.0,5546091.2062898325,3363592,6394828.526591489,10,103.0,436865,4473195,-3.744067519734105,40.406976824497974
158,292,1584,1584,7621585.0,16257985.237613304,7465181.0,15729666.0,7633982.0,16437831.691369511,6806679.0,24357501.648029465,8235088.0,16493568.027557395,8794593,17123807.729755186,30,309.0,1305608,13414711,-11.290475595633577,121.17664034013501
159,680,2481,2481,7438383.0,20050644.7288045,7567623.0,19935232.0,7808987.0,20686594.69738811,8148711.0,20671322.302766897,8689191.0,20254893.514711455,8829403,21306340.077553336,80,820.0,2227222,22403256,-18.218016044478933,202.37376323321618
163,60,1107,1107,342642.0,626940.3974,347349.0,642325.0,386040.0,709771.7537695273,581851.0,972090.0557009452,603124.0,962412.8211190072,660986,1222672.71441386,6,0.0,434062,4467986,-3.776559944159672,40.359834912991154
164,51,1225,1225,1316580.0,2629534.0,1469719.0,2906838.0,1620889.0,3239741.0,1676649.0,5404890.076090036,1351144.0,2708882.0,1713502,3438609.0,5,0.0,437239,4465592,-3.738911637606714,40.338513710724456
167,1,915,915,1906298.0,3764411.590323491,1854113.0,3741426.0,1860523.0,3777670.6358,1918043.0,7845465.2829,1928622.0,3673677.1881164983,1948591,3773317.2114625806,14,141.0,443960,4473846,-3.6605134609263503,40.41334923335036
169,52,1227,1227,1007612.0,1889863.0,1052800.0,2005234.0,1098771.0,2101127.0,1151829.0,11114561.675902024,920427.0,1766713.0,1198377,2307625.0,2,0.0,435595,4464492,-3.758154642592925,40.32847911137984
170,164,1203,1203,1621989.0,3171768.0,1661600.0,3235825.0,1699922.0,3354989.0,1728076.0,3415472.0,1364729.0,2712776.0,1858728,3678775.0,1,0.0,429473,4467154,-3.83050798865263,40.351964521727254
172,157,1057,1057,931303.0,1826494.0,959646.0,1903495.0,1087227.0,2140959.0,1231328.0,2401853.0,1336677.0,2639830.0,1379387,2723419.0,1,0.0,446134,4488211,-3.6361114462926607,40.54289988380957
173,415,3347,3347,2389041.0,4863834.885110602,2788488.0,5735565.0,3028026.0,5800678.965716226,3321302.0,6557683.1956,3560157.0,7188107.0708940495,3682902,7409947.954508175,32,344.0,1756854,17931607,-14.86928255283681,161.97837457602955
174,15,719,719,1866825.0,3357527.4038038417,1903187.0,3378530.0,1955376.0,3478559.2967,2050650.0,3672937.5954,2195807.0,3915915.616110553,2225987,4285404.407765629,8,84.0,439433,4481036,-3.7145526057478695,40.477802560997375
175,177,422,422,726474.0,1375239.7680434543,731839.0,1367586.0,764336.0,1416798.5077000004,853503.0,1556976.1577116281,920953.0,1763051.279702961,919943,1806983.0327474591,16,165.0,443920,4481106,-3.661625903143469,40.478748285830456
176,219,1052,1052,879188.0,1749754.0,869318.0,1736751.0,893008.0,1793139.0,965086.0,1922496.0,1026484.0,2054021.0,1066520,2145648.0,8,88.0,441160,4484278,-3.6944804167750616,40.50713185994083
178,290,819,819,6665655.0,20539664.3926392,6717928.0,21212942.0,6875454.0,22523797.121486973,7238691.0,9506810.6562,7748276.0,24588797.068602607,7876287,27011188.997159086,8,86.0,885681,8952249,-7.347824722577661,80.86759802122369
181,305,2459,2459,2505037.0,4820636.0,2633708.0,5204450.0,2834247.0,5625178.0,2925200.0,5847898.0,2334292.0,4674462.0,3057925,6100284.0,4,0.0,868775,8930330,-7.544873931400648,80.66889551076787
182,381,1217,1217,8330941.0,16812202.149048723,8265717.0,16681169.0,8468364.0,17229990.634600002,8955362.0,18301016.76512202,9303041.0,17377966.22163042,9825671,18687158.518598173,4,52.0,884225,8943894,-7.364229415208629,80.79223094433698
186,37,119,119,3209609.0,6667203.454782274,3261195.0,6804530.0,2308385.0,4672275.6131399665,3589767.0,6892640.898399998,3952263.0,7363577.958204023,4200267,8127798.452096392,13,132.0,443332,4472377,-3.6677840809382016,40.40007314659313
187,650,1309,1309,18294255.0,46832665.00139106,18742659.0,46906335.0,19079262.0,47718266.524116546,20453916.0,60095022.7671,21471610.0,55787384.13194605,22499968,57892936.70939275,21,232.0,1769242,17921795,-14.722213526810082,161.89086858962486
188,81,604,604,1777766.0,3489199.8290885277,1733406.0,3484906.0,1831611.0,3635244.3242618637,2048341.0,3951820.657475175,2206939.0,3906267.4213825013,2381420,4561270.149075652,11,112.0,438733,4471160,-3.7218583619731267,40.38878416634823
190,8,352,352,1523262.0,2717129.543829963,1510947.0,2690935.0,1598330.0,2821901.2449694294,1775237.0,3185385.0449,1863161.0,3678580.444579804,1956237,3911399.4604558935,12,122.0,441038,4469823,-3.694578660789349,40.376906081733395
191,208,117,117,2033064.0,3899367.5778770205,2025306.0,3900984.0,1423894.0,2770242.8305,2051286.0,4089268.6548,2232223.0,4032576.305277472,2276700,4312025.410397685,3,31.0,442325,4473079,-3.6797135411301944,40.40632800263921
192,392,1036,1036,15958875.0,44374952.35815449,16631162.0,44839527.0,17705452.0,47820453.83764689,18473003.0,47999682.35814133,20329658.0,53431312.1283734,22634263,64090257.309402525,12,130.0,1760174,17900369,-14.827157739259341,161.69721240566764
194,25,1214,1214,1904133.0,3881595.0,1895415.0,3774652.0,2101057.0,4177815.0,2228945.0,4441378.0,2315065.0,4612880.0,2321674,4664331.0,4,0.0,432197,4459646,-3.797637502990344,40.28455510028875
198,131,1210,1210,1091500.0,2099893.0,1182166.0,2282027.0,1226643.0,2386218.0,1331953.0,2599366.0,1362663.0,2668317.0,1450683,2838579.0,9,0.0,428915,4461245,-3.8364208667945854,40.29868691988674
199,126,1204,1204,976086.0,1987897.0,990615.0,2019446.0,976738.0,2050794.0,922295.0,1883624.0,724745.0,1485319.0,938625,1924434.0,1,0.0,427977,4466703,-3.8480717993404627,40.347773962600094
200,150,918,918,2010522.0,4718258.066456082,1997586.0,4692750.0,2091495.0,4844121.626321901,2021225.0,4986894.54601367,1982718.0,4196718.176822655,2033368,4080481.197255541,14,141.0,446214,4472613,-3.633844130816649,40.40239032307823
203,213,241,241,5193761.0,8904325.95806862,5182898.0,8715532.0,3865664.0,6278089.098692223,5622069.0,8962261.5498,6176602.0,10897260.64484375,6625119,12666946.07046087,26,265.0,887955,8943835,-7.320275042048687,80.79195469608955
204,193,718,718,1221724.0,2011683.9490394576,1224626.0,1999047.0,1248079.0,2048052.6885,1325103.0,2183773.289289466,1399570.0,2488684.16651394,1409503,2650423.351650245,9,94.0,439269,4480404,-3.716426771786794,40.47209730311617
205,194,902,902,3035746.0,7209733.83678956,2977091.0,6813689.0,2980587.0,6854640.9959,3149346.0,7255767.442299998,3278438.0,6170848.402478187,3260753,6412858.914572649,8,85.0,440507,4481134,-3.7018919574324913,40.478763018322134
208,180,1228,1228,719568.0,1434316.0,741120.0,1509419.0,763783.0,1552039.0,774110.0,1580590.0,633467.0,1288138.0,797065,1626980.0,1,0.0,434864,4463962,-3.766704983937657,40.32364789810049
209,149,122,122,1330551.0,2584761.5182282743,1375792.0,2504488.0,991445.0,1839833.7252045937,1474256.0,2692851.9116,1613771.0,4632125.611111392,1742266,3354024.1923744637,13,135.0,444612,4471631,-3.65263641655274,40.39343885651876
210,388,2616,2616,6567098.0,16279858.970374268,6537054.0,17373163.0,6606889.0,17671441.837704103,6611650.0,26405983.270880796,7334460.0,19453648.716828056,7502206,20056116.84532986,15,162.0,1328208,13436704,-11.02618397969653,121.37642059342878
214,127,1205,1205,1063039.0,1711490.0,1188244.0,2286327.0,1145778.0,2222130.0,1211217.0,2358155.0,1021282.0,1979209.0,1308268,2547759.0,2,0.0,426025,4465526,-3.870917772102015,40.33700047786522
215,554,2854,2854,18605104.0,63472214.43700676,18577109.0,64946323.0,18968416.0,66830428.806705944,20105571.0,79352257.70624629,20471526.0,69598510.18994929,20780207,71402826.17268988,25,262.0,2214773,22386665,-18.363378117757772,202.22346776856432
219,227,503,503,1854275.0,3664409.5290303994,1940108.0,3759434.0,1967711.0,3835659.378737487,1829907.0,3526036.7448964613,2257877.0,5236862.824158998,2355856,4972381.10019193,20,201.0,446948,4477085,-3.6255678507236384,40.44272389673328
221,47,1202,1202,862830.0,1682693.0,894198.0,1720160.0,941970.0,1821241.0,955287.0,1847448.0,785651.0,1517619.0,1071422,2065181.0,2,0.0,430371,4467101,-3.819928619411031,40.35156252441466
223,27,714,714,3463520.0,6985754.008199999,3420667.0,6375956.0,3545283.0,7196543.7864,3734632.0,7679310.631200002,4011199.0,7872823.796273007,4054332,8149541.888087252,7,76.0,439577,4476943,-3.7124642267085535,40.44094172223117
231,339,2119,2119,1059993.0,2164896.0,1100130.0,2252583.0,1237390.0,2538432.0,1384123.0,2824093.0,1489524.0,3040872.0,1496753,3068971.0,2,0.0,893662,8978938,-7.255973940584996,81.10855465259388
232,151,357,357,2069024.0,4098088.475754664,2074747.0,4080806.0,2230486.0,4369155.710630874,2484515.0,4718977.1499000015,2696708.0,5065652.351223423,2874428,5387730.708057247,17,171.0,439638,4466082,-3.7107156241588295,40.3431048857829
234,210,356,356,1130291.0,2134595.394522738,1136989.0,2154768.0,1216355.0,2260565.785326164,1347542.0,2506042.802192021,1464112.0,2556038.4152464,1626783,3096590.6799203763,17,171.0,441235,4466104,-3.6919155325407367,40.34341707979957
236,12,353,353,1668748.0,3035160.635743217,1724045.0,3164563.0,1843935.0,3351311.1425212296,2118507.0,3643830.4759,2272549.0,3840113.197546707,2427867,4528075.984402979,12,123.0,441176,4469263,-3.692901441015436,40.37187104121168
237,206,759,759,253963.0,480122.0,296386.0,541783.0,21528.0,40817.0,354878.0,665198.0,333217.0,631931.0,421592,800356.0,1,191.0,455385,4474468,-3.5259028010732587,40.41964353125746
238,234,522,522,2270099.0,3846172.679842678,2317918.0,3944214.0,2412094.0,4058797.475526625,2230742.0,3713930.8806273486,2777668.0,4785980.481057161,2862247,5365029.923890668,11,112.0,438698,4471876,-3.72233962481483,40.395231658485336
244,43,125,125,1911359.0,3345202.8568782685,1968830.0,3543128.0,2133190.0,3433737.183635382,2318433.0,4004844.1461000005,2504105.0,4253627.520935887,2570599,4902385.497423715,13,134.0,447082,4470570,-3.623445951175772,40.384041260172296
246,266,2435,2435,952235.0,1892916.0,919704.0,1846352.0,968004.0,1940614.0,1057470.0,3179339.8261,1057450.0,2146644.0,1085838,2194177.0,6,0.0,872504,8921068,-7.500053072249043,80.58574718422932
248,93,1035,1035,4378828.0,9698126.039794274,4543843.0,9981154.0,4994866.0,10371958.211314745,4449104.0,9352978.08205701,5180284.0,10220324.773066448,5361552,10710396.23980543,2,24.0,879801,8947241,-7.416671832355394,80.82206918186796
249,428,3339,3339,12081047.0,36903716.24300384,12248346.0,36181964.0,12833920.0,39184065.76747952,13530905.0,37875665.2522328,14009135.0,45319377.621224046,14246683,47073446.773319565,22,231.0,1766749,17911679,-14.75069253808501,161.79956543042246
252,292,918,918,4070407.0,7900025.349409643,4123575.0,7933775.0,4196123.0,8177709.077656018,4306810.0,16869706.2883,4646679.0,9031223.05430286,4741808,9324522.737175692,36,370.0,894763,8957665,-7.241205478899159,80.91698617988965
253,134,1407,1407,3462327.0,7089936.862225449,3452832.0,7079681.0,3606786.0,7304928.205342751,3997980.0,7994939.78769986,4373877.0,7762645.846538639,4693577,9044065.179044107,35,353.0,893423,8951367,-7.256477777455311,80.86016637540331
255,50,1221,1221,1305064.0,2517903.0,1548425.0,3000304.0,1690701.0,3301689.0,1796274.0,3505176.0,1901249.0,3719982.0,1965422,3828312.0,4,0.0,438740,4462823,-3.7209756088123385,40.31368049152421
261,55,919,919,1782367.0,2663156.3348204717,1838071.0,2845399.0,1914209.0,2940867.748393828,1993218.0,3093593.7745888643,1953531.0,3818903.6893122876,2009864,3913082.003102435,19,191.0,447364,4472553,-3.62028769130786,40.40192329690433
262,404,3167,3167,1671552.0,3454985.0,1735904.0,3593441.0,1931458.0,3995809.0,2075166.0,4295962.0,2261239.0,4644149.0,2278776,4732862.0,10,86.0,1333628,13461399,-10.964419800220474,121.5992510082297
265,57,922,922,1517926.0,8474328.142,2390325.0,8077095.0,2490849.0,8359448.19557892,1644009.0,8901293.243121574,2573598.0,8051096.267765083,1860724,8271165.670293729,19,191.0,449536,4472679,-3.5947031336417075,40.40319286198055
266,757,3607,3607,29766468.0,70505921.50730671,30087622.0,70775493.0,31371615.0,74050590.37009056,32962519.0,73640717.44516529,33965278.0,81573452.65283102,34714941,79021377.3963285,52,540.0,2635487,26868145,-22.29868998411293,242.70394324976726
269,203,756,756,733865.0,1497617.0,984717.0,1977795.0,1380043.0,2700561.0,1077340.0,2191202.0,885717.0,1820724.0,1094875,2245773.0,2,0.0,453630,4475298,-3.546649651395441,40.427024832350895
271,287,829,829,2900327.0,6297245.4226,2816683.0,6639520.0,2850589.0,6736930.587653941,3097136.0,7607143.761049826,3270029.0,6776111.210607075,3158294,6359403.241519475,30,312.0,888518,8957281,-7.314820036050453,80.91312136131086
272,187,920,920,1734569.0,3084824.0561999995,1668368.0,2677414.0,1662944.0,2634804.0433,1706677.0,2768197.2107999995,1696102.0,3846569.7174535287,1740653,3617730.9039686364,19,191.0,448445,4473008,-3.6075862133522287,40.406089872978896
273,95,921,921,707291.0,1498847.6115804117,689219.0,1481734.0,688839.0,1496425.642193529,725223.0,1567418.3996,753239.0,1200158.9997481855,759552,1405966.5628473137,19,191.0,448993,4472960,-3.6011244132173266,40.405691211710895
274,54,126,126,1406107.0,2602858.367175837,1431773.0,2640407.0,1146554.0,2039114.284603979,1521120.0,2687480.5765000004,1681942.0,3104602.884147,1853003,3532255.416641496,18,181.0,447370,4470283,-3.620029402490322,40.3814740121391
281,185,1833,1833,3954746.0,7369211.2089396035,3918999.0,7327052.0,4052796.0,7632396.3158,4185576.0,8020140.467726929,4242056.0,8211581.612623175,4453060,8625334.01867564,28,290.0,890377,8946844,-7.291996695018007,80.8192225395796
282,156,1002,1002,2981973.0,6682609.246911936,3017590.0,7263984.0,3079763.0,7415815.199300001,3243665.0,7876702.506,3564843.0,7299889.883955116,3778090,7575732.532263644,8,85.0,441978,4481514,-3.6845732231455184,40.48229029718296
285,71,525,525,1894604.0,3653090.768249026,1923095.0,3643292.0,1944788.0,3781750.816320761,1743130.0,3553165.1812131186,2135916.0,4345206.770137085,2270467,4525193.411402047,11,114.0,436888,4471277,-3.7436063524799006,40.389700418083955
